{"cameraMode":{"drawMode":0,"name":"Shaded","section":"Shading Mode"},"sceneLighting":true,"audioPlay":false,"sceneViewState":{"showFog":true,"showMaterialUpdate":false,"showSkybox":true,"showFlares":true,"showImageEffects":true,"showParticleSystems":true},"in2DMode":false,"pivot":{"x":-18.381362915039064,"y":0.1661977767944336,"z":-0.9279923439025879},"rotation":{"x":-0.2811082601547241,"y":-0.7159847021102905,"z":0.48835939168930056,"w":-0.41213178634643557},"size":7.794127941131592,"orthographic":false}